{
	"m_AtlasName": "",
	"m_Border": {
		"m_W": 0,
		"m_X": 0,
		"m_Y": 0,
		"m_Z": 0
	},
	"m_CorrespondingSourceObject": { "m_Collection": "resources.assets", "m_PathID": 0 },
	"m_Extrude": 1,
	"m_HideFlags": 0,
	"m_IsPolygon": false,
	"m_Name": "RoundResults_Grade_F",
	"m_Offset": {
		"m_X": 0,
		"m_Y": 0.01661306
	},
	"m_PackingTag": "",
	"m_Pivot": {
		"m_X": 0.5,
		"m_Y": 0.50007164
	},
	"m_PixelsToUnits": 100,
	"m_PrefabInternal": { "m_Collection": "resources.assets", "m_PathID": 0 },
	"m_RD": {
		"m_AlphaTexture": { "m_Collection": "resources.assets", "m_PathID": 0 },
		"m_Indices": [
			66,
			64,
			117,
			63,
			117,
			64,
			116,
			117,
			63,
			62,
			116,
			63,
			115,
			116,
			62,
			114,
			115,
			62,
			61,
			114,
			62,
			113,
			114,
			61,
			112,
			113,
			61,
			52,
			17,
			119,
			15,
			119,
			17,
			99,
			119,
			15,
			13,
			99,
			15,
			100,
			99,
			13,
			118,
			100,
			13,
			97,
			118,
			13,
			51,
			97,
			13,
			11,
			51,
			13,
			12,
			51,
			11,
			10,
			51,
			12,
			66,
			117,
			65,
			108,
			65,
			117,
			116,
			108,
			117,
			60,
			108,
			116,
			115,
			60,
			116,
			114,
			60,
			115,
			113,
			60,
			114,
			112,
			60,
			113,
			61,
			60,
			112,
			111,
			108,
			60,
			110,
			108,
			111,
			109,
			108,
			110,
			1,
			108,
			109,
			2,
			108,
			1,
			9,
			108,
			2,
			0,
			9,
			2,
			7,
			108,
			9,
			4,
			108,
			7,
			5,
			108,
			4,
			106,
			108,
			5,
			105,
			108,
			106,
			102,
			108,
			105,
			101,
			108,
			102,
			95,
			108,
			101,
			107,
			105,
			106,
			54,
			102,
			105,
			104,
			102,
			54,
			103,
			101,
			102,
			98,
			95,
			101,
			99,
			98,
			101,
			100,
			98,
			99,
			97,
			95,
			98,
			51,
			95,
			97,
			96,
			95,
			51,
			19,
			95,
			96,
			20,
			95,
			19,
			18,
			95,
			20,
			93,
			95,
			18,
			91,
			95,
			93,
			94,
			91,
			93,
			43,
			42,
			41,
			82,
			37,
			36,
			28,
			27,
			75,
			26,
			75,
			27,
			25,
			75,
			26,
			71,
			22,
			23,
			92,
			91,
			79,
			90,
			79,
			91,
			88,
			79,
			90,
			87,
			79,
			88,
			89,
			87,
			88,
			86,
			79,
			87,
			85,
			79,
			86,
			43,
			79,
			85,
			41,
			79,
			43,
			84,
			79,
			41,
			38,
			79,
			84,
			83,
			79,
			38,
			37,
			79,
			83,
			82,
			79,
			37,
			36,
			79,
			82,
			81,
			79,
			36,
			80,
			79,
			81,
			78,
			79,
			80,
			69,
			79,
			78,
			77,
			69,
			78,
			76,
			69,
			77,
			28,
			69,
			76,
			75,
			69,
			28,
			25,
			69,
			75,
			74,
			69,
			25,
			73,
			69,
			74,
			72,
			69,
			73,
			22,
			69,
			72,
			71,
			69,
			22,
			23,
			69,
			71,
			21,
			69,
			23,
			70,
			69,
			21,
			68,
			67,
			65,
			64,
			65,
			67,
			57,
			64,
			67,
			66,
			65,
			64,
			63,
			64,
			57,
			62,
			63,
			57,
			61,
			62,
			57,
			60,
			61,
			57,
			59,
			60,
			57,
			58,
			59,
			57,
			1,
			58,
			57,
			0,
			1,
			57,
			16,
			0,
			57,
			14,
			16,
			57,
			35,
			14,
			57,
			8,
			0,
			16,
			6,
			8,
			16,
			3,
			6,
			16,
			5,
			3,
			16,
			56,
			5,
			16,
			55,
			56,
			16,
			54,
			55,
			16,
			53,
			54,
			16,
			52,
			53,
			16,
			17,
			52,
			16,
			10,
			14,
			35,
			51,
			10,
			35,
			19,
			51,
			35,
			18,
			19,
			35,
			50,
			18,
			35,
			49,
			50,
			35,
			48,
			49,
			35,
			47,
			48,
			35,
			46,
			47,
			35,
			45,
			46,
			35,
			44,
			45,
			35,
			43,
			44,
			35,
			42,
			43,
			35,
			41,
			42,
			35,
			40,
			41,
			35,
			39,
			40,
			35,
			38,
			39,
			35,
			37,
			38,
			35,
			36,
			37,
			35,
			34,
			36,
			35,
			21,
			34,
			35,
			32,
			34,
			21,
			30,
			32,
			21,
			33,
			32,
			30,
			29,
			30,
			21,
			31,
			30,
			29,
			28,
			29,
			21,
			27,
			28,
			21,
			26,
			27,
			21,
			25,
			26,
			21,
			24,
			25,
			21,
			22,
			24,
			21,
			23,
			22,
			21,
			20,
			19,
			18,
			17,
			16,
			15,
			14,
			15,
			16,
			13,
			15,
			14,
			10,
			13,
			14,
			11,
			13,
			10,
			12,
			11,
			10,
			0,
			8,
			9,
			7,
			9,
			8,
			6,
			7,
			8,
			4,
			7,
			6,
			3,
			4,
			6,
			5,
			4,
			3,
			2,
			1,
			0
		],
		"m_SettingsRaw": 67,
		"m_Texture": { "m_Collection": "resources.assets", "m_PathID": 861 },
		"m_TextureRect": {
			"m_Height": 231.88097,
			"m_Width": 268,
			"m_X": 270,
			"m_Y": 468.0429
		},
		"m_TextureRectOffset": {
			"m_X": 0,
			"m_Y": 0
		},
		"m_UvTransform": {
			"m_W": 584,
			"m_X": 100,
			"m_Y": 404,
			"m_Z": 100
		},
		"m_Vertices": [
			{
				"m_Pos": {
					"m_X": -0.59,
					"m_Y": -0.89,
					"m_Z": 0
				}
			},
			{
				"m_Pos": {
					"m_X": -0.61,
					"m_Y": -0.88,
					"m_Z": 0
				}
			},
			{
				"m_Pos": {
					"m_X": -0.6,
					"m_Y": -0.89,
					"m_Z": 0
				}
			},
			{
				"m_Pos": {
					"m_X": -0.52,
					"m_Y": -0.94,
					"m_Z": 0
				}
			},
			{
				"m_Pos": {
					"m_X": -0.53,
					"m_Y": -0.94,
					"m_Z": 0
				}
			},
			{
				"m_Pos": {
					"m_X": -0.48,
					"m_Y": -0.96,
					"m_Z": 0
				}
			},
			{
				"m_Pos": {
					"m_X": -0.54,
					"m_Y": -0.92,
					"m_Z": 0
				}
			},
			{
				"m_Pos": {
					"m_X": -0.55,
					"m_Y": -0.92,
					"m_Z": 0
				}
			},
			{
				"m_Pos": {
					"m_X": -0.57,
					"m_Y": -0.91,
					"m_Z": 0
				}
			},
			{
				"m_Pos": {
					"m_X": -0.58,
					"m_Y": -0.91,
					"m_Z": 0
				}
			},
			{
				"m_Pos": {
					"m_X": 0.02,
					"m_Y": 0.68,
					"m_Z": 0
				}
			},
			{
				"m_Pos": {
					"m_X": 0.01,
					"m_Y": 0.59,
					"m_Z": 0
				}
			},
			{
				"m_Pos": {
					"m_X": 0.02,
					"m_Y": 0.6,
					"m_Z": 0
				}
			},
			{
				"m_Pos": {
					"m_X": -0.05,
					"m_Y": 0.58,
					"m_Z": 0
				}
			},
			{
				"m_Pos": {
					"m_X": -0.15,
					"m_Y": 0.68,
					"m_Z": 0
				}
			},
			{
				"m_Pos": {
					"m_X": -0.19,
					"m_Y": 0.58,
					"m_Z": 0
				}
			},
			{
				"m_Pos": {
					"m_X": -0.2,
					"m_Y": 0.64,
					"m_Z": 0
				}
			},
			{
				"m_Pos": {
					"m_X": -0.2,
					"m_Y": 0.61,
					"m_Z": 0
				}
			},
			{
				"m_Pos": {
					"m_X": 0.18,
					"m_Y": -1.06,
					"m_Z": 0
				}
			},
			{
				"m_Pos": {
					"m_X": 0.16,
					"m_Y": -1.06,
					"m_Z": 0
				}
			},
			{
				"m_Pos": {
					"m_X": 0.18,
					"m_Y": -1.06,
					"m_Z": 0
				}
			},
			{
				"m_Pos": {
					"m_X": 1.15,
					"m_Y": 0.98,
					"m_Z": 0
				}
			},
			{
				"m_Pos": {
					"m_X": 1.01,
					"m_Y": -0.35,
					"m_Z": 0
				}
			},
			{
				"m_Pos": {
					"m_X": 1.03,
					"m_Y": -0.3,
					"m_Z": 0
				}
			},
			{
				"m_Pos": {
					"m_X": 0.98,
					"m_Y": -0.43,
					"m_Z": 0
				}
			},
			{
				"m_Pos": {
					"m_X": 0.94,
					"m_Y": -0.52,
					"m_Z": 0
				}
			},
			{
				"m_Pos": {
					"m_X": 0.92,
					"m_Y": -0.54,
					"m_Z": 0
				}
			},
			{
				"m_Pos": {
					"m_X": 0.89,
					"m_Y": -0.59,
					"m_Z": 0
				}
			},
			{
				"m_Pos": {
					"m_X": 0.88,
					"m_Y": -0.61,
					"m_Z": 0
				}
			},
			{
				"m_Pos": {
					"m_X": 0.86,
					"m_Y": -0.63,
					"m_Z": 0
				}
			},
			{
				"m_Pos": {
					"m_X": 0.82,
					"m_Y": -0.68,
					"m_Z": 0
				}
			},
			{
				"m_Pos": {
					"m_X": 0.86,
					"m_Y": -0.64,
					"m_Z": 0
				}
			},
			{
				"m_Pos": {
					"m_X": 0.69,
					"m_Y": -0.82,
					"m_Z": 0
				}
			},
			{
				"m_Pos": {
					"m_X": 0.82,
					"m_Y": -0.69,
					"m_Z": 0
				}
			},
			{
				"m_Pos": {
					"m_X": 0.68,
					"m_Y": -0.82,
					"m_Z": 0
				}
			},
			{
				"m_Pos": {
					"m_X": 0.63,
					"m_Y": 1.16,
					"m_Z": 0
				}
			},
			{
				"m_Pos": {
					"m_X": 0.63,
					"m_Y": -0.87,
					"m_Z": 0
				}
			},
			{
				"m_Pos": {
					"m_X": 0.6,
					"m_Y": -0.9,
					"m_Z": 0
				}
			},
			{
				"m_Pos": {
					"m_X": 0.55,
					"m_Y": -0.92,
					"m_Z": 0
				}
			},
			{
				"m_Pos": {
					"m_X": 0.52,
					"m_Y": -0.94,
					"m_Z": 0
				}
			},
			{
				"m_Pos": {
					"m_X": 0.5,
					"m_Y": -0.94,
					"m_Z": 0
				}
			},
			{
				"m_Pos": {
					"m_X": 0.49,