{
	"m_AtlasName": "",
	"m_Border": {
		"m_W": 0,
		"m_X": 0,
		"m_Y": 0,
		"m_Z": 0
	},
	"m_CorrespondingSourceObject": { "m_Collection": "resources.assets", "m_PathID": 0 },
	"m_Extrude": 1,
	"m_HideFlags": 0,
	"m_IsPolygon": false,
	"m_Name": "RoundResults_Grade_A",
	"m_Offset": {
		"m_X": 0,
		"m_Y": 0.01661306
	},
	"m_PackingTag": "",
	"m_Pivot": {
		"m_X": 0.5,
		"m_Y": 0.50007164
	},
	"m_PixelsToUnits": 100,
	"m_PrefabInternal": { "m_Collection": "resources.assets", "m_PathID": 0 },
	"m_RD": {
		"m_AlphaTexture": { "m_Collection": "resources.assets", "m_PathID": 0 },
		"m_Indices": [
			70,
			68,
			129,
			67,
			129,
			68,
			128,
			129,
			67,
			66,
			128,
			67,
			127,
			128,
			66,
			126,
			127,
			66,
			65,
			126,
			66,
			125,
			126,
			65,
			124,
			125,
			65,
			26,
			17,
			24,
			15,
			24,
			17,
			13,
			24,
			15,
			23,
			24,
			13,
			21,
			23,
			13,
			11,
			21,
			13,
			18,
			21,
			11,
			12,
			18,
			11,
			10,
			18,
			12,
			70,
			129,
			69,
			120,
			69,
			129,
			128,
			120,
			129,
			64,
			120,
			128,
			127,
			64,
			128,
			126,
			64,
			127,
			125,
			64,
			126,
			124,
			64,
			125,
			65,
			64,
			124,
			123,
			120,
			64,
			122,
			120,
			123,
			121,
			120,
			122,
			1,
			120,
			121,
			2,
			120,
			1,
			9,
			120,
			2,
			0,
			9,
			2,
			7,
			120,
			9,
			4,
			120,
			7,
			5,
			120,
			4,
			118,
			120,
			5,
			117,
			120,
			118,
			114,
			120,
			117,
			113,
			120,
			114,
			110,
			120,
			113,
			119,
			117,
			118,
			58,
			114,
			117,
			116,
			114,
			58,
			115,
			113,
			114,
			112,
			110,
			113,
			106,
			112,
			113,
			105,
			112,
			106,
			103,
			110,
			112,
			102,
			110,
			103,
			111,
			110,
			102,
			29,
			110,
			111,
			30,
			110,
			29,
			28,
			110,
			30,
			108,
			110,
			28,
			95,
			110,
			108,
			109,
			95,
			108,
			56,
			27,
			107,
			25,
			107,
			27,
			22,
			107,
			25,
			106,
			107,
			22,
			105,
			106,
			22,
			104,
			105,
			22,
			103,
			104,
			22,
			102,
			103,
			22,
			19,
			102,
			22,
			29,
			102,
			19,
			28,
			29,
			19,
			101,
			28,
			19,
			100,
			101,
			19,
			99,
			100,
			19,
			20,
			99,
			19,
			98,
			99,
			20,
			97,
			98,
			20,
			55,
			97,
			20,
			18,
			55,
			20,
			53,
			52,
			51,
			86,
			47,
			46,
			38,
			37,
			79,
			36,
			79,
			37,
			35,
			79,
			36,
			75,
			32,
			33,
			96,
			95,
			83,
			94,
			83,
			95,
			92,
			83,
			94,
			91,
			83,
			92,
			93,
			91,
			92,
			90,
			83,
			91,
			89,
			83,
			90,
			53,
			83,
			89,
			51,
			83,
			53,
			88,
			83,
			51,
			48,
			83,
			88,
			87,
			83,
			48,
			47,
			83,
			87,
			86,
			83,
			47,
			46,
			83,
			86,
			85,
			83,
			46,
			84,
			83,
			85,
			82,
			83,
			84,
			73,
			83,
			82,
			81,
			73,
			82,
			80,
			73,
			81,
			38,
			73,
			80,
			79,
			73,
			38,
			35,
			73,
			79,
			78,
			73,
			35,
			77,
			73,
			78,
			76,
			73,
			77,
			32,
			73,
			76,
			75,
			73,
			32,
			33,
			73,
			75,
			31,
			73,
			33,
			74,
			73,
			31,
			72,
			71,
			69,
			68,
			69,
			71,
			61,
			68,
			71,
			70,
			69,
			68,
			67,
			68,
			61,
			66,
			67,
			61,
			65,
			66,
			61,
			64,
			65,
			61,
			63,
			64,
			61,
			62,
			63,
			61,
			1,
			62,
			61,
			0,
			1,
			61,
			16,
			0,
			61,
			14,
			16,
			61,
			45,
			14,
			61,
			8,
			0,
			16,
			6,
			8,
			16,
			3,
			6,
			16,
			5,
			3,
			16,
			60,
			5,
			16,
			59,
			60,
			16,
			58,
			59,
			16,
			57,
			58,
			16,
			26,
			57,
			16,
			56,
			57,
			26,
			27,
			56,
			26,
			17,
			26,
			16,
			10,
			14,
			45,
			18,
			10,
			45,
			55,
			18,
			45,
			54,
			55,
			45,
			53,
			54,
			45,
			52,
			53,
			45,
			51,
			52,
			45,
			50,
			51,
			45,
			49,
			50,
			45,
			48,
			49,
			45,
			47,
			48,
			45,
			46,
			47,
			45,
			44,
			46,
			45,
			31,
			44,
			45,
			42,
			44,
			31,
			40,
			42,
			31,
			43,
			42,
			40,
			39,
			40,
			31,
			41,
			40,
			39,
			38,
			39,
			31,
			37,
			38,
			31,
			36,
			37,
			31,
			35,
			36,
			31,
			34,
			35,
			31,
			32,
			34,
			31,
			33,
			32,
			31,
			30,
			29,
			28,
			27,
			26,
			25,
			24,
			25,
			26,
			22,
			25,
			24,
			23,
			22,
			24,
			21,
			22,
			23,
			19,
			22,
			21,
			18,
			19,
			21,
			20,
			19,
			18,
			17,
			16,
			15,
			14,
			15,
			16,
			13,
			15,
			14,
			10,
			13,
			14,
			11,
			13,
			10,
			12,
			11,
			10,
			0,
			8,
			9,
			7,
			9,
			8,
			6,
			7,
			8,
			4,
			7,
			6,
			3,
			4,
			6,
			5,
			4,
			3,
			2,
			1,
			0
		],
		"m_SettingsRaw": 67,
		"m_Texture": { "m_Collection": "resources.assets", "m_PathID": 861 },
		"m_TextureRect": {
			"m_Height": 231.88097,
			"m_Width": 268,
			"m_X": 242,
			"m_Y": 0.042907953
		},
		"m_TextureRectOffset": {
			"m_X": 0,
			"m_Y": 0
		},
		"m_UvTransform": {
			"m_W": 116,
			"m_X": 100,
			"m_Y": 376,
			"m_Z": 100
		},
		"m_Vertices": [
			{
				"m_Pos": {
					"m_X": -0.59,
					"m_Y": -0.89,
					"m_Z": 0
				}
			},
			{
				"m_Pos": {
					"m_X": -0.61,
					"m_Y": -0.88,
					"m_Z": 0
				}
			},
			{
				"m_Pos": {
					"m_X": -0.6,
					"m_Y": -0.89,
					"m_Z": 0
				}
			},
			{
				"m_Pos": {
					"m_X": -0.52,
					"m_Y": -0.94,
					"m_Z": 0
				}
			},
			{
				"m_Pos": {
					"m_X": -0.53,
					"m_Y": -0.94,
					"m_Z": 0
				}
			},
			{
				"m_Pos": {
					"m_X": -0.48,
					"m_Y": -0.96,
					"m_Z": 0
				}
			},
			{
				"m_Pos": {
					"m_X": -0.54,
					"m_Y": -0.92,
					"m_Z": 0
				}
			},
			{
				"m_Pos": {
					"m_X": -0.55,
					"m_Y": -0.92,
					"m_Z": 0
				}
			},
			{
				"m_Pos": {
					"m_X": -0.57,
					"m_Y": -0.91,
					"m_Z": 0
				}
			},
			{
				"m_Pos": {
					"m_X": -0.58,
					"m_Y": -0.91,
					"m_Z": 0
				}
			},
			{
				"m_Pos": {
					"m_X": 0.02,
					"m_Y": 0.68,
					"m_Z": 0
				}
			},
			{
				"m_Pos": {
					"m_X": 0.01,
					"m_Y": 0.59,
					"m_Z": 0
				}
			},
			{
				"m_Pos": {
					"m_X": 0.02,
					"m_Y": 0.6,
					"m_Z": 0
				}
			},
			{
				"m_Pos": {
					"m_X": -0.05,
					"m_Y": 0.58,
					"m_Z": 0
				}
			},
			{
				"m_Pos": {
					"m_X": -0.15,
					"m_Y": 0.68,
					"m_Z": 0
				}
			},
			{
				"m_Pos": {
					"m_X": -0.19,
					"m_Y": 0.58,
					"m_Z": 0
				}
			},
			{
				"m_Pos": {
					"m_X": -0.2,
					"m_Y": 0.64,
					"m_Z": 0
				}
			},
			{
				"m_Pos": {
					"m_X": -0.2,
					"m_Y": 0.61,
					"m_Z": 0
				}
			},
			{
				"m_Pos": {
					"m_X": 0.39,
					"m_Y": -0.14,
					"m_Z": 0
				}
			},
			{
				"m_Pos": {
					"m_X": 0.25,
					"m_Y": -0.35,
					"m_Z": 0
				}
			},
			{
				"m_Pos": {
					"m_X": 0.39,
					"m_Y": -0.25,
					"m_Z": 0
				}
			},
			{
				"m_Pos": {
					"m_X": 0,
					"m_Y": 0.33,
					"m_Z": 0
				}
			},
			{
				"m_Pos": {
					"m_X": -0.03,
					"m_Y": -0.39,
					"m_Z": 0
				}
			},
			{
				"m_Pos": {
					"m_X": -0.08,
					"m_Y": 0.33,
					"m_Z": 0
				}
			},
			{
				"m_Pos": {
					"m_X": -0.16,
					"m_Y": 0.31,
					"m_Z": 0
				}
			},
			{
				"m_Pos": {
					"m_X": -0.22,
					"m_Y": -0.39,
					"m_Z": 0
				}
			},
			{
				"m_Pos": {
					"m_X": -0.24,
					"m_Y": -0.13,
					"m_Z": 0
				}
			},
			{
				"m_Pos": {
					"m_X": -0.24,
					"m_Y": -0.38,
					"m_Z": 0
				}
			},
			{
				"m_Pos": {
					"m_X": 0.18,
					"m_Y": -1.06,
					"m_Z": 0
				}
			},
			{
				"m_Pos": {
					"m_X": 0.16,
					"m_Y": -1.06,
					"m_Z": 0
				}
			},
			{
				"m_Pos": {
					"m_X": 0.18,
					"m_Y": -1.06,
					"m_Z": 0
				}
			},
			{
				"m_Pos": {
					"m_X": 1.15,
					"m_Y": 0.98,
					"m_Z": 0
				}
			},
			{
				"m_Pos": {
					"m_X": 1.01,
					"m_Y": -0.35,
					"m_Z": 0
				}
			},
			{
				"m_Pos": {
					"m_X": 1.03,
					"m_Y": -0.3,
					"m_Z": 0
				}
			},
			{
				"m_Pos": {
					"m_X": 0.98,
					"m_Y": -0.43,
					"m_Z": 0
				}
			},
			{
				"m_Pos": {
					"m_X": 0.94,
					"m_Y": -0.52,