{
	"m_AtlasName": "",
	"m_Border": {
		"m_W": 0,
		"m_X": 0,
		"m_Y": 0,
		"m_Z": 0
	},
	"m_CorrespondingSourceObject": { "m_Collection": "resources.assets", "m_PathID": 0 },
	"m_Extrude": 1,
	"m_HideFlags": 0,
	"m_IsPolygon": false,
	"m_Name": "RoundResults_Grade_B",
	"m_Offset": {
		"m_X": 0,
		"m_Y": 0.01661306
	},
	"m_PackingTag": "",
	"m_Pivot": {
		"m_X": 0.5,
		"m_Y": 0.50007164
	},
	"m_PixelsToUnits": 100,
	"m_PrefabInternal": { "m_Collection": "resources.assets", "m_PathID": 0 },
	"m_RD": {
		"m_AlphaTexture": { "m_Collection": "resources.assets", "m_PathID": 0 },
		"m_Indices": [
			68,
			66,
			128,
			65,
			128,
			66,
			127,
			128,
			65,
			64,
			127,
			65,
			126,
			127,
			64,
			125,
			126,
			64,
			63,
			125,
			64,
			124,
			125,
			63,
			123,
			124,
			63,
			25,
			17,
			23,
			15,
			23,
			17,
			13,
			23,
			15,
			21,
			23,
			13,
			11,
			21,
			13,
			12,
			21,
			11,
			10,
			21,
			12,
			68,
			128,
			67,
			119,
			67,
			128,
			127,
			119,
			128,
			62,
			119,
			127,
			126,
			62,
			127,
			125,
			62,
			126,
			124,
			62,
			125,
			123,
			62,
			124,
			63,
			62,
			123,
			122,
			119,
			62,
			121,
			119,
			122,
			120,
			119,
			121,
			1,
			119,
			120,
			2,
			119,
			1,
			9,
			119,
			2,
			0,
			9,
			2,
			7,
			119,
			9,
			4,
			119,
			7,
			5,
			119,
			4,
			117,
			119,
			5,
			116,
			119,
			117,
			113,
			119,
			116,
			112,
			119,
			113,
			109,
			119,
			112,
			118,
			116,
			117,
			106,
			113,
			116,
			115,
			113,
			106,
			114,
			112,
			113,
			111,
			109,
			112,
			102,
			111,
			112,
			101,
			111,
			102,
			99,
			109,
			111,
			98,
			109,
			99,
			110,
			109,
			98,
			28,
			109,
			110,
			29,
			109,
			28,
			27,
			109,
			29,
			107,
			109,
			27,
			93,
			109,
			107,
			108,
			93,
			107,
			57,
			26,
			106,
			24,
			106,
			26,
			105,
			106,
			24,
			104,
			105,
			24,
			103,
			104,
			24,
			22,
			103,
			24,
			102,
			103,
			22,
			101,
			102,
			22,
			100,
			101,
			22,
			99,
			100,
			22,
			98,
			99,
			22,
			19,
			98,
			22,
			28,
			98,
			19,
			27,
			28,
			19,
			97,
			27,
			19,
			96,
			97,
			19,
			95,
			96,
			19,
			20,
			95,
			19,
			56,
			95,
			20,
			18,
			56,
			20,
			52,
			51,
			50,
			84,
			46,
			45,
			37,
			36,
			77,
			35,
			77,
			36,
			34,
			77,
			35,
			73,
			31,
			32,
			94,
			93,
			81,
			92,
			81,
			93,
			90,
			81,
			92,
			89,
			81,
			90,
			91,
			89,
			90,
			88,
			81,
			89,
			87,
			81,
			88,
			52,
			81,
			87,
			50,
			81,
			52,
			86,
			81,
			50,
			47,
			81,
			86,
			85,
			81,
			47,
			46,
			81,
			85,
			84,
			81,
			46,
			45,
			81,
			84,
			83,
			81,
			45,
			82,
			81,
			83,
			80,
			81,
			82,
			71,
			81,
			80,
			79,
			71,
			80,
			78,
			71,
			79,
			37,
			71,
			78,
			77,
			71,
			37,
			34,
			71,
			77,
			76,
			71,
			34,
			75,
			71,
			76,
			74,
			71,
			75,
			31,
			71,
			74,
			73,
			71,
			31,
			32,
			71,
			73,
			30,
			71,
			32,
			72,
			71,
			30,
			70,
			69,
			67,
			66,
			67,
			69,
			59,
			66,
			69,
			68,
			67,
			66,
			65,
			66,
			59,
			64,
			65,
			59,
			63,
			64,
			59,
			62,
			63,
			59,
			61,
			62,
			59,
			60,
			61,
			59,
			1,
			60,
			59,
			0,
			1,
			59,
			25,
			0,
			59,
			16,
			25,
			59,
			14,
			16,
			59,
			44,
			14,
			59,
			8,
			0,
			25,
			6,
			8,
			25,
			3,
			6,
			25,
			5,
			3,
			25,
			58,
			5,
			25,
			57,
			58,
			25,
			26,
			57,
			25,
			17,
			25,
			16,
			10,
			14,
			44,
			21,
			10,
			44,
			18,
			21,
			44,
			56,
			18,
			44,
			55,
			56,
			44,
			54,
			55,
			44,
			53,
			54,
			44,
			52,
			53,
			44,
			51,
			52,
			44,
			50,
			51,
			44,
			49,
			50,
			44,
			48,
			49,
			44,
			47,
			48,
			44,
			46,
			47,
			44,
			45,
			46,
			44,
			43,
			45,
			44,
			30,
			43,
			44,
			41,
			43,
			30,
			39,
			41,
			30,
			42,
			41,
			39,
			38,
			39,
			30,
			40,
			39,
			38,
			37,
			38,
			30,
			36,
			37,
			30,
			35,
			36,
			30,
			34,
			35,
			30,
			33,
			34,
			30,
			31,
			33,
			30,
			32,
			31,
			30,
			29,
			28,
			27,
			26,
			25,
			24,
			23,
			24,
			25,
			22,
			24,
			23,
			21,
			22,
			23,
			19,
			22,
			21,
			18,
			19,
			21,
			20,
			19,
			18,
			17,
			16,
			15,
			14,
			15,
			16,
			13,
			15,
			14,
			10,
			13,
			14,
			11,
			13,
			10,
			12,
			11,
			10,
			0,
			8,
			9,
			7,
			9,
			8,
			6,
			7,
			8,
			4,
			7,
			6,
			3,
			4,
			6,
			5,
			4,
			3,
			2,
			1,
			0
		],
		"m_SettingsRaw": 67,
		"m_Texture": { "m_Collection": "resources.assets", "m_PathID": 861 },
		"m_TextureRect": {
			"m_Height": 231.88097,
			"m_Width": 268,
			"m_X": 242,
			"m_Y": 234.04291
		},
		"m_TextureRectOffset": {
			"m_X": 0,
			"m_Y": 0
		},
		"m_UvTransform": {
			"m_W": 350,
			"m_X": 100,
			"m_Y": 376,
			"m_Z": 100
		},
		"m_Vertices": [
			{
				"m_Pos": {
					"m_X": -0.59,
					"m_Y": -0.89,
					"m_Z": 0
				}
			},
			{
				"m_Pos": {
					"m_X": -0.61,
					"m_Y": -0.88,
					"m_Z": 0
				}
			},
			{
				"m_Pos": {
					"m_X": -0.6,
					"m_Y": -0.89,
					"m_Z": 0
				}
			},
			{
				"m_Pos": {
					"m_X": -0.52,
					"m_Y": -0.94,
					"m_Z": 0
				}
			},
			{
				"m_Pos": {
					"m_X": -0.53,
					"m_Y": -0.94,
					"m_Z": 0
				}
			},
			{
				"m_Pos": {
					"m_X": -0.48,
					"m_Y": -0.96,
					"m_Z": 0
				}
			},
			{
				"m_Pos": {
					"m_X": -0.54,
					"m_Y": -0.92,
					"m_Z": 0
				}
			},
			{
				"m_Pos": {
					"m_X": -0.55,
					"m_Y": -0.92,
					"m_Z": 0
				}
			},
			{
				"m_Pos": {
					"m_X": -0.57,
					"m_Y": -0.91,
					"m_Z": 0
				}
			},
			{
				"m_Pos": {
					"m_X": -0.58,
					"m_Y": -0.91,
					"m_Z": 0
				}
			},
			{
				"m_Pos": {
					"m_X": 0.02,
					"m_Y": 0.68,
					"m_Z": 0
				}
			},
			{
				"m_Pos": {
					"m_X": 0.01,
					"m_Y": 0.59,
					"m_Z": 0
				}
			},
			{
				"m_Pos": {
					"m_X": 0.02,
					"m_Y": 0.6,
					"m_Z": 0
				}
			},
			{
				"m_Pos": {
					"m_X": -0.05,
					"m_Y": 0.58,
					"m_Z": 0
				}
			},
			{
				"m_Pos": {
					"m_X": -0.15,
					"m_Y": 0.68,
					"m_Z": 0
				}
			},
			{
				"m_Pos": {
					"m_X": -0.19,
					"m_Y": 0.58,
					"m_Z": 0
				}
			},
			{
				"m_Pos": {
					"m_X": -0.2,
					"m_Y": 0.64,
					"m_Z": 0
				}
			},
			{
				"m_Pos": {
					"m_X": -0.2,
					"m_Y": 0.61,
					"m_Z": 0
				}
			},
			{
				"m_Pos": {
					"m_X": 0.31,
					"m_Y": 0.26,
					"m_Z": 0
				}
			},
			{
				"m_Pos": {
					"m_X": 0.23,
					"m_Y": -0.31,
					"m_Z": 0
				}
			},
			{
				"m_Pos": {
					"m_X": 0.31,
					"m_Y": -0.29,
					"m_Z": 0
				}
			},
			{
				"m_Pos": {
					"m_X": 0.17,
					"m_Y": 0.33,
					"m_Z": 0
				}
			},
			{
				"m_Pos": {
					"m_X": -0.04,
					"m_Y": -0.39,
					"m_Z": 0
				}
			},
			{
				"m_Pos": {
					"m_X": -0.12,
					"m_Y": 0.33,
					"m_Z": 0
				}
			},
			{
				"m_Pos": {
					"m_X": -0.21,
					"m_Y": -0.39,
					"m_Z": 0
				}
			},
			{
				"m_Pos": {
					"m_X": -0.35,
					"m_Y": 0.28,
					"m_Z": 0
				}
			},
			{
				"m_Pos": {
					"m_X": -0.35,
					"m_Y": 0.06,
					"m_Z": 0
				}
			},
			{
				"m_Pos": {
					"m_X": 0.18,
					"m_Y": -1.06,
					"m_Z": 0
				}
			},
			{
				"m_Pos": {
					"m_X": 0.16,
					"m_Y": -1.06,
					"m_Z": 0
				}
			},
			{
				"m_Pos": {
					"m_X": 0.18,
					"m_Y": -1.06,
					"m_Z": 0
				}
			},
			{
				"m_Pos": {
					"m_X": 1.15,
					"m_Y": 0.98,
					"m_Z": 0
				}
			},
			{
				"m_Pos": {
					"m_X": 1.01,
					"m_Y": -0.35,
					"m_Z": 0
				}
			},
			{
				"m_Pos": {
					"m_X": 1.03,
					"m_Y": -0.3,
					"m_Z": 0
				}
			},
			{
				"m_Pos": {
					"m_X": 0.98,
					"m_Y": -0.43,
					"m_Z": 0
				}
			},
			{
				"m_Pos": {
					"m_X": 0.94,
					"m_Y": -0.52,
					"m_Z": 0
				}
			},
			{
				"m_Pos": {
					"m_X": 0.92,
					"m_Y": -0.54,
					"m_Z": 0
				}
			},
			{
				"m_Pos": {
					"m_X": 0.89,