{
	"m_AtlasName": "",
	"m_Border": {
		"m_W": 0,
		"m_X": 0,
		"m_Y": 0,
		"m_Z": 0
	},
	"m_CorrespondingSourceObject": { "m_Collection": "resources.assets", "m_PathID": 0 },
	"m_Extrude": 1,
	"m_HideFlags": 0,
	"m_IsPolygon": false,
	"m_Name": "RoundResults_Grade_E",
	"m_Offset": {
		"m_X": 0,
		"m_Y": 0.01661306
	},
	"m_PackingTag": "",
	"m_Pivot": {
		"m_X": 0.5,
		"m_Y": 0.50007164
	},
	"m_PixelsToUnits": 100,
	"m_PrefabInternal": { "m_Collection": "resources.assets", "m_PathID": 0 },
	"m_RD": {
		"m_AlphaTexture": { "m_Collection": "resources.assets", "m_PathID": 0 },
		"m_Indices": [
			73,
			71,
			132,
			70,
			132,
			71,
			131,
			132,
			70,
			69,
			131,
			70,
			130,
			131,
			69,
			129,
			130,
			69,
			68,
			129,
			69,
			128,
			129,
			68,
			127,
			128,
			68,
			17,
			15,
			25,
			23,
			25,
			15,
			13,
			23,
			15,
			18,
			23,
			13,
			11,
			18,
			13,
			12,
			18,
			11,
			10,
			18,
			12,
			73,
			132,
			72,
			123,
			72,
			132,
			131,
			123,
			132,
			67,
			123,
			131,
			130,
			67,
			131,
			129,
			67,
			130,
			128,
			67,
			129,
			127,
			67,
			128,
			68,
			67,
			127,
			126,
			123,
			67,
			125,
			123,
			126,
			124,
			123,
			125,
			1,
			123,
			124,
			2,
			123,
			1,
			9,
			123,
			2,
			0,
			9,
			2,
			7,
			123,
			9,
			4,
			123,
			7,
			5,
			123,
			4,
			121,
			123,
			5,
			120,
			123,
			121,
			117,
			123,
			120,
			116,
			123,
			117,
			113,
			123,
			116,
			122,
			120,
			121,
			61,
			117,
			120,
			119,
			117,
			61,
			118,
			116,
			117,
			115,
			113,
			116,
			107,
			115,
			116,
			106,
			115,
			107,
			104,
			113,
			115,
			103,
			113,
			104,
			114,
			113,
			103,
			32,
			113,
			114,
			33,
			113,
			32,
			31,
			113,
			33,
			111,
			113,
			31,
			98,
			113,
			111,
			112,
			98,
			111,
			21,
			19,
			30,
			20,
			30,
			19,
			61,
			26,
			110,
			24,
			110,
			26,
			109,
			110,
			24,
			22,
			109,
			24,
			108,
			109,
			22,
			107,
			108,
			22,
			106,
			107,
			22,
			105,
			106,
			22,
			104,
			105,
			22,
			103,
			104,
			22,
			28,
			103,
			22,
			32,
			103,
			28,
			31,
			32,
			28,
			102,
			31,
			28,
			101,
			102,
			28,
			100,
			101,
			28,
			60,
			100,
			28,
			29,
			60,
			28,
			27,
			60,
			29,
			56,
			55,
			54,
			89,
			50,
			49,
			41,
			40,
			82,
			39,
			82,
			40,
			38,
			82,
			39,
			78,
			35,
			36,
			99,
			98,
			86,
			97,
			86,
			98,
			95,
			86,
			97,
			94,
			86,
			95,
			96,
			94,
			95,
			93,
			86,
			94,
			92,
			86,
			93,
			56,
			86,
			92,
			54,
			86,
			56,
			91,
			86,
			54,
			51,
			86,
			91,
			90,
			86,
			51,
			50,
			86,
			90,
			89,
			86,
			50,
			49,
			86,
			89,
			88,
			86,
			49,
			87,
			86,
			88,
			85,
			86,
			87,
			76,
			86,
			85,
			84,
			76,
			85,
			83,
			76,
			84,
			41,
			76,
			83,
			82,
			76,
			41,
			38,
			76,
			82,
			81,
			76,
			38,
			80,
			76,
			81,
			79,
			76,
			80,
			35,
			76,
			79,
			78,
			76,
			35,
			36,
			76,
			78,
			34,
			76,
			36,
			77,
			76,
			34,
			75,
			74,
			72,
			71,
			72,
			74,
			64,
			71,
			74,
			73,
			72,
			71,
			70,
			71,
			64,
			69,
			70,
			64,
			68,
			69,
			64,
			67,
			68,
			64,
			66,
			67,
			64,
			65,
			66,
			64,
			1,
			65,
			64,
			0,
			1,
			64,
			25,
			0,
			64,
			16,
			25,
			64,
			14,
			16,
			64,
			48,
			14,
			64,
			8,
			0,
			25,
			6,
			8,
			25,
			3,
			6,
			25,
			5,
			3,
			25,
			63,
			5,
			25,
			62,
			63,
			25,
			61,
			62,
			25,
			26,
			61,
			25,
			17,
			25,
			16,
			10,
			14,
			48,
			18,
			10,
			48,
			20,
			18,
			48,
			30,
			20,
			48,
			27,
			30,
			48,
			60,
			27,
			48,
			59,
			60,
			48,
			58,
			59,
			48,
			57,
			58,
			48,
			56,
			57,
			48,
			55,
			56,
			48,
			54,
			55,
			48,
			53,
			54,
			48,
			52,
			53,
			48,
			51,
			52,
			48,
			50,
			51,
			48,
			49,
			50,
			48,
			47,
			49,
			48,
			34,
			47,
			48,
			45,
			47,
			34,
			43,
			45,
			34,
			46,
			45,
			43,
			42,
			43,
			34,
			44,
			43,
			42,
			41,
			42,
			34,
			40,
			41,
			34,
			39,
			40,
			34,
			38,
			39,
			34,
			37,
			38,
			34,
			35,
			37,
			34,
			36,
			35,
			34,
			33,
			32,
			31,
			22,
			21,
			28,
			30,
			28,
			21,
			27,
			28,
			30,
			29,
			28,
			27,
			26,
			25,
			24,
			23,
			24,
			25,
			22,
			24,
			23,
			18,
			22,
			23,
			21,
			22,
			18,
			19,
			21,
			18,
			20,
			19,
			18,
			17,
			16,
			15,
			14,
			15,
			16,
			13,
			15,
			14,
			10,
			13,
			14,
			11,
			13,
			10,
			12,
			11,
			10,
			0,
			8,
			9,
			7,
			9,
			8,
			6,
			7,
			8,
			4,
			7,
			6,
			3,
			4,
			6,
			5,
			4,
			3,
			2,
			1,
			0
		],
		"m_SettingsRaw": 67,
		"m_Texture": { "m_Collection": "resources.assets", "m_PathID": 861 },
		"m_TextureRect": {
			"m_Height": 231.88097,
			"m_Width": 268,
			"m_X": 512,
			"m_Y": 0.042907953
		},
		"m_TextureRectOffset": {
			"m_X": 0,
			"m_Y": 0
		},
		"m_UvTransform": {
			"m_W": 116,
			"m_X": 100,
			"m_Y": 646,
			"m_Z": 100
		},
		"m_Vertices": [
			{
				"m_Pos": {
					"m_X": -0.59,
					"m_Y": -0.89,
					"m_Z": 0
				}
			},
			{
				"m_Pos": {
					"m_X": -0.61,
					"m_Y": -0.88,
					"m_Z": 0
				}
			},
			{
				"m_Pos": {
					"m_X": -0.6,
					"m_Y": -0.89,
					"m_Z": 0
				}
			},
			{
				"m_Pos": {
					"m_X": -0.52,
					"m_Y": -0.94,
					"m_Z": 0
				}
			},
			{
				"m_Pos": {
					"m_X": -0.53,
					"m_Y": -0.94,
					"m_Z": 0
				}
			},
			{
				"m_Pos": {
					"m_X": -0.48,
					"m_Y": -0.96,
					"m_Z": 0
				}
			},
			{
				"m_Pos": {
					"m_X": -0.54,
					"m_Y": -0.92,
					"m_Z": 0
				}
			},
			{
				"m_Pos": {
					"m_X": -0.55,
					"m_Y": -0.92,
					"m_Z": 0
				}
			},
			{
				"m_Pos": {
					"m_X": -0.57,
					"m_Y": -0.91,
					"m_Z": 0
				}
			},
			{
				"m_Pos": {
					"m_X": -0.58,
					"m_Y": -0.91,
					"m_Z": 0
				}
			},
			{
				"m_Pos": {
					"m_X": 0.02,
					"m_Y": 0.68,
					"m_Z": 0
				}
			},
			{
				"m_Pos": {
					"m_X": 0.01,
					"m_Y": 0.59,
					"m_Z": 0
				}
			},
			{
				"m_Pos": {
					"m_X": 0.02,
					"m_Y": 0.6,
					"m_Z": 0
				}
			},
			{
				"m_Pos": {
					"m_X": -0.05,
					"m_Y": 0.58,
					"m_Z": 0
				}
			},
			{
				"m_Pos": {
					"m_X": -0.15,
					"m_Y": 0.68,
					"m_Z": 0
				}
			},
			{
				"m_Pos": {
					"m_X": -0.19,
					"m_Y": 0.58,
					"m_Z": 0
				}
			},
			{
				"m_Pos": {
					"m_X": -0.2,
					"m_Y": 0.64,
					"m_Z": 0
				}
			},
			{
				"m_Pos": {
					"m_X": -0.2,
					"m_Y": 0.61,
					"m_Z": 0
				}
			},
			{
				"m_Pos": {
					"m_X": 0.18,
					"m_Y": 0.39,
					"m_Z": 0
				}
			},
			{
				"m_Pos": {
					"m_X": 0.23,
					"m_Y": 0.2,
					"m_Z": 0
				}
			},
			{
				"m_Pos": {
					"m_X": 0.23,
					"m_Y": 0.38,
					"m_Z": 0
				}
			},
			{
				"m_Pos": {
					"m_X": 0.16,
					"m_Y": 0.14,
					"m_Z": 0
				}
			},
			{
				"m_Pos": {
					"m_X": -0.01,
					"m_Y": -0.37,
					"m_Z": 0
				}
			},
			{
				"m_Pos": {
					"m_X": -0.07,
					"m_Y": 0.39,
					"m_Z": 0
				}
			},
			{
				"m_Pos": {
					"m_X": -0.28,
					"m_Y": -0.37,
					"m_Z": 0
				}
			},
			{
				"m_Pos": {
					"m_X": -0.34,
					"m_Y": 0.32,
					"m_Z": 0
				}
			},
			{
				"m_Pos": {
					"m_X": -0.34,
					"m_Y": -0.07,
					"m_Z": 0
				}
			},
			{
				"m_Pos": {
					"m_X": 0.33,
					"m_Y": -0.05,
					"m_Z": 0
				}
			},
			{
				"m_Pos": {
					"m_X": 0.32,
					"m_Y": -0.29,
					"m_Z": 0
				}
			},
			{
				"m_Pos": {
					"m_X": 0.33,
					"m_Y": -0.27,
					"m_Z": 0
				}
			},
			{
				"m_Pos": {
					"m_X": 0.24,
					"m_Y": 0.09,
					"m_Z": 0
				}
			},
			{
				"m_Pos": {
					"m_X": 0.18,
					"m_Y": -1.06,
					"m_Z": 0
				}
			},
			{
				"m_Pos": {
					"m_X": 0.16,
					"m_Y": -1.06,
					"m_Z": 0
				}
			},
			{
				"m_Pos": {
					"m_X": 0.18,
					"m_Y": -1.06,